worked,salary
12.0,10428.271919797537
10.3,9245.318940300343
9.0,8340.707838331902
7.0,6948.998450688146
6.0,6253.143756866268
6.3,6461.90016501283
5.0,5557.289063044389
4.2,5000.605307986887
4.3,5070.190777369075
3.2,4304.750614165008
3.0,4165.579675400633
2.0,3469.724981578755
